INSERT INTO COMPANY (ID, NAME, NUMBER) VALUES (1, 'una', 1)
INSERT INTO COMPANY (ID, NAME, NUMBER) VALUES (2, 'dua', 2)
INSERT INTO Company_TYPESCERTIFICATE(Company_ID, TYPESCERTIFICATE) VALUES (1, 'TETEATETE')
INSERT INTO Company_TYPESCERTIFICATE(Company_ID, TYPESCERTIFICATE) VALUES (1, 'BANDOSENTADO')
INSERT INTO Company_TYPESCERTIFICATE(Company_ID, TYPESCERTIFICATE) VALUES (2, 'BANDOSENTADO')
INSERT INTO Company_TYPESCERTIFICATE(Company_ID, TYPESCERTIFICATE) VALUES (2, 'MULTIDAOEMPE')
INSERT INTO VENUE(ID, CAPACITY, NAME) VALUES (1, 5,'Micro Pavilhao')
INSERT INTO SEAT(ID, CHAIRNUMBER, ROW) VALUES (1, 1, 'A')
INSERT INTO SEAT(ID, CHAIRNUMBER, ROW) VALUES (2, 2, 'A')
INSERT INTO SEAT(ID, CHAIRNUMBER, ROW) VALUES (3, 1, 'B')
INSERT INTO SEAT(ID, CHAIRNUMBER, ROW) VALUES (4, 2, 'B')
INSERT INTO SEAT(ID, CHAIRNUMBER, ROW) VALUES (5, 3, 'B')
INSERT INTO VENUE_SEAT(Venue_ID, seats_ID) VALUES (1, 1)
INSERT INTO VENUE_SEAT(Venue_ID, seats_ID) VALUES (1, 2)
INSERT INTO VENUE_SEAT(Venue_ID, seats_ID) VALUES (1, 3)
INSERT INTO VENUE_SEAT(Venue_ID, seats_ID) VALUES (1, 4)
INSERT INTO VENUE_SEAT(Venue_ID, seats_ID) VALUES (1, 5)
INSERT INTO VENUE(ID, CAPACITY, NAME) VALUES (2, 15,'Mini Estadio')
INSERT INTO SEAT(ID, CHAIRNUMBER, ROW) VALUES (6, 1, 'A')
INSERT INTO SEAT(ID, CHAIRNUMBER, ROW) VALUES (7, 2, 'A')
INSERT INTO SEAT(ID, CHAIRNUMBER, ROW) VALUES (8, 3, 'A')
INSERT INTO SEAT(ID, CHAIRNUMBER, ROW) VALUES (9, 4, 'A')
INSERT INTO SEAT(ID, CHAIRNUMBER, ROW) VALUES (10, 5, 'A')
INSERT INTO SEAT(ID, CHAIRNUMBER, ROW) VALUES (11, 1, 'B')
INSERT INTO SEAT(ID, CHAIRNUMBER, ROW) VALUES (12, 2, 'B')
INSERT INTO SEAT(ID, CHAIRNUMBER, ROW) VALUES (13, 3, 'B')
INSERT INTO SEAT(ID, CHAIRNUMBER, ROW) VALUES (14, 4, 'B')
INSERT INTO SEAT(ID, CHAIRNUMBER, ROW) VALUES (15, 5, 'B')
INSERT INTO SEAT(ID, CHAIRNUMBER, ROW) VALUES (16, 6, 'B')
INSERT INTO SEAT(ID, CHAIRNUMBER, ROW) VALUES (17, 7, 'B')
INSERT INTO SEAT(ID, CHAIRNUMBER, ROW) VALUES (18, 8, 'B')
INSERT INTO SEAT(ID, CHAIRNUMBER, ROW) VALUES (19, 9, 'B')
INSERT INTO SEAT(ID, CHAIRNUMBER, ROW) VALUES (20, 10, 'B')
INSERT INTO VENUE_SEAT(Venue_ID, seats_ID) VALUES (2, 6)
INSERT INTO VENUE_SEAT(Venue_ID, seats_ID) VALUES (2, 7)
INSERT INTO VENUE_SEAT(Venue_ID, seats_ID) VALUES (2, 8)
INSERT INTO VENUE_SEAT(Venue_ID, seats_ID) VALUES (2, 9)
INSERT INTO VENUE_SEAT(Venue_ID, seats_ID) VALUES (2, 10)
INSERT INTO VENUE_SEAT(Venue_ID, seats_ID) VALUES (2, 11)
INSERT INTO VENUE_SEAT(Venue_ID, seats_ID) VALUES (2, 12)
INSERT INTO VENUE_SEAT(Venue_ID, seats_ID) VALUES (2, 13)
INSERT INTO VENUE_SEAT(Venue_ID, seats_ID) VALUES (2, 14)
INSERT INTO VENUE_SEAT(Venue_ID, seats_ID) VALUES (2, 15)
INSERT INTO VENUE_SEAT(Venue_ID, seats_ID) VALUES (2, 16)
INSERT INTO VENUE_SEAT(Venue_ID, seats_ID) VALUES (2, 17)
INSERT INTO VENUE_SEAT(Venue_ID, seats_ID) VALUES (2, 18)
INSERT INTO VENUE_SEAT(Venue_ID, seats_ID) VALUES (2, 19)
INSERT INTO VENUE_SEAT(Venue_ID, seats_ID) VALUES (2, 20)
INSERT INTO VENUE(ID, CAPACITY, NAME) VALUES (3, 10,'Pequeno Relvado')